operator,trayek,kode,nama_trayek,lintasan,jumlah_kendaraan,jumlah_trayek
Perum PPD,Reguler,NE2,TERM RAWAMANGUN-TERM GROGOL,TERM RAWAMANGUN - PEMUDA - PRAMUKA - SALEMBA RAYA - JL KRAMAT RAYA - KWITANG - R  RAIS - MERDEKA TMR - MERDEKA UTR - S PRANOTO - TOMANG RY - CIDENG TMR - BERPUTAR -  CIDENG BRT BRT - KYAI TAPA - TERM GROGOL,5,1
Perum PPD,Reguler,210,GROGOL - RAWAMANGUN,TERM. GROGOL - JL. S. PARMAN - JL. GATOT SUBROTO - JL. SEMANGGI - JL. JEND. SUDIRMAN - JL.  IMAM BONJOL - JL. DIPONOGORO - JL. SALEMBA RAYA - JL. PRAMUKA - JL. UTAN KAYU - JL.  RAWAMANGUN MUKA - JL. WARU - JL. TERM. RAWAMANGUN,5,1
Perum PPD,Reguler,213,GROGOL - KP. MELAYU,TERM. GROGOL - JL. S. PARMAN - JL. GATOTO SUBROTO - JL. SEMANGGI - JL. JEND. SUDIRMAN - JL.  IMAM BONJOL - JL. DIPONOGORO - JL. MATRAMAN RAYA - JL. JATINEGARA TMR - TERM. KP. MELAYU,43,1
Perum PPD,Reguler,41A,KP RAMBUTAN - DR SUTOMO,TERM KP RAMBUTAN - JL TB SIMATUPANG - JL RAYA BOGOR - JL SUTOYO - JL DI PANJAITAN - JL A  YANI - JL SUPRAPTO - JL KRAMAT BDR - JL SENEN - JL KWINI II - JL PEJAMBON - JL MERDEKA TMR - JL  PERWIRA - JL KHATEDRAL - JL POS - DR SUTOMO,3,1
Perum PPD,Reguler,43,CILILITAN - TG. PRIOK,TERM. CILILITAN - JL. SUTOMO - JL. DI. PANJAITAN - JL. ACHMAD YANI - JL. YOS SUDARSO - JL.  ENGGANO - TERM. TG. PRIOK,39,1
Perum PPD,Reguler,45,CILILITAN - BLOK M,TERM. BLOK M - JL. SUTOYO - JL. GT. SUBROTO - JL. KAPT. TENDEAN - JL. W. MONGINSIDI - JL.  TRUNOJOYO - TERM. BLOK M,24,1
Perum PPD,Reguler,46,CILILITAN - GROGOL,TERM CILILITAN - JL SUTOYO - JL MT HARYONO - GT SUBROTO - JL S PARMAN - JL KYAI TAPA - TERM  GROGOL,9,1
Perum PPD,Reguler,916,KP MELAYU - TNH ABANG,TERM KP MELAYU - JATINEGARA BRT - MATRAMAN RAYA - SALEMBA RAYA - KRAMAT RAYA -  KWITANG - TUGU TANI - RIDWAN RAIS - MERDEKA SELATAN - H AGUS SALIM - KEBON SIRIH -  FACHRUDDIN - TANAH ABANG,5,1
Perum PPD,Patas AC,AC16,RAWA MANGUN - LB BULUS,TERM RW MANGUN - JL. PEGAMBIRAN - JL. CIPINANG BARU - JL. PRAMUKA - JL. MATRAMAN RAYA -  JL. SALEMBA RAYA - JL. DIPONEGORO - JL. IMAM BONJOL - JL. JEND SUDIRMAN - JL. PINTU IX - JL.  PAKUBUWONO - JL. VELBAK - JL. ARTERI PONDO INDAK - JL. TERM LB BULUS,13,1
Perum PPD,Patas AC,AC17,TERM BEKASI - KARET,TERM BEKASI - JL. IR JUANDA - JL. JOYOMARTONO - TOL CIKAMPEK - TOL DALAM KOTA - JL. GATOT  SUBROTO - JL. SEMANGGI - JL. JEND SUDIRMAN - JL KH MAS MANSUR - JL. BERPUTAR DI SAHID.,15,1
Perum PPD,Patas AC,AC18,PULOGADUNG - DEPOK TMR,TERM PULO GADUNG - JL. P. KEMERDEKAAN - JL. A. YANI - JL. DI PANJAITAN - JL. SUTOYO - TOL  JAGORAWI - JL. RAYA BOGOR - JL. DEPOK TIMUR,10,1
Perum PPD,Patas   ,P2,CILILITAN - HARMONI,TERM CILILITAN - JL SUTOYO - JL MT HARYONO - JL OTISTA RAYA - JL MATRAMAN RAYA - JL SALEMBA -  JL KRAMAT RAYA - JL KWITANG RAYA - JL R RAIS - JL MERDEKA TMR - JL MERDEKA UTARA - JL G  MADA - JL HARMONI,6,1
Perum PPD,Patas   ,P21,TERM. BLOK M - CIPUTAT,TERM BLOK M - JL. HASANUDIN - JL. FALATEHAN 2 - JL. P.POLIM - JL. FATMAWATI - JL. TB.  SIMATUPANG - JL. PS JUMAT - JL. CIPUTAT RAYA - TERM CIPUTAT,5,1
Perum PPD,Patas   ,P37,TERM. BLOK M - T.M. ANGKE,TERM BLOK M - JL. ADITYA. W - JL. W. WONGINSIDI - JL. GUNAWARMAN - JL. SENAPATI - JL.  SUDIRMAN - JL. GT. SUBROTO - JL. S. PARMAN - JL. LATUMENTEN - JL. JEMBATAN III / II - JL. PLUIT  PUTRA - TERM M. ANGKE,5,1
Perum PPD,Patas   ,P41,KP. RAMBUTAN - HARMONI,TERM KP RAMBUTAN - JL. TB. SIMATUPANG - TOL JAGORAWI - TOL DALAM KOTA - JL. MT. HARYONO -  JL. DR. SAHARDJO - JL. S. AGUNG - JL. CIK DIK TIRO - JL. MENTENG RAYA - JL. MERDEKA TIMUR - JL.  MEDEKA UTARA - JL. MAJAPAHIT - JL. HARMONI,27,1
Perum PPD,Patas   ,P45,TERM BLOK M - PERUMNAS TNG,TERM BLOK M - JL ADITIA W - JL W MONGONSIDI - JL GUNAWARMAN - JL SENOPATI -  JL SUDIRMAN - JL GT SUBROTO - JL S PARMAN - TOL KARAWACI TGR - PERUM PEMDA TGR - TERM  CIMONE / TGR - TOL KARAWACI/TGR - JL S PARMAN - JL GT SUBROTO - JL SUDIRMAN - JL S  MANGARAJA - TERM BLOK M,20,1
Perum PPD,Patas   ,P54,TERM GROGOL - DEPOK,TERM GROGOL - JL S PARMAN - JL GATOT SUBROTO - PANCORAN - JL RAYA PASAAR MINGGU - JL  RAYA LT AGUNG - JL MARGONDA RAYA - TERM DEPOK,20,1
Perum PPD,Patas   ,P67,TERM BLOK M - DR WAHIDIN,TERM BLOK M - JL. ADITIA .W - JL. W. MONGINSIDI - JL. GUNAWARMAN - JL. SENOPATI - JL.  SUDIRMAN - JL. IMAM BONJOL - JL. DIPONOGORO - JL. SALEMBA RAYA - JL. KRAMAT RAYA - JL.  SENEN RAYA - JL. DR. WAHIDIN,18,1
PT. Mayasari Bakti,Reguler,507,P.GADUNG - TNH.ABANG,TERM P.GADUNG - P.KEMERDEKAAN - SUPRAPTO - TN.TINGGI BRT - BENYAMIN.S - KEMAYORAN -  GARUDA - GN.SAHARI - BUDI UTOMO - BANTENG UTR - PERWIRA - MERDEKA TMR - R.RAIS -  MERDEKA SEL - B.KEMULYAAN - ABD.MUIS - FACHRUDIN - TNH.ABANG,14,1
PT. Mayasari Bakti,Reguler,51,P GADUNG - TG PRIOK,TERM P GADUNG - P KEMERDEKAAN - PENGILINGAN  - YOS SUDARSO - ENGGANO - TERM TG PRIOK,6,1
PT. Mayasari Bakti,Reguler,57,P GADUNG - BLOK M,TERM P GADUNG - JL. RAYA BEKASI - JL. PEMUDA - JL. A. YANI - JL. DI PANJAITAN - JL. MT. HARYONO -  JL. PANCORAN - JL. GATOT SUBROTO - JL. TEGAL PARANG - JL. KAPTEN TENDEAN - JL.  ,4,1
PT. Mayasari Bakti,Patas AC,AC02,KP RAMBUTAN - KL DERES,TERM KP. RAMBUTAN - TB SIMATUPANG - TOL JAGORAWI - TOL DALAM KOTA - KEL TOL SLIPI -  S.PARMAN - DAAN MOGOT - TERM KL DERES,14,1
PT. Mayasari Bakti,Patas AC,AC03,TG PRIOK - KL DERES,TERM TG PRIOK - ENGGANO - Y SUDARSO - BERPUTAR MSK T PLUMPUNG - TOL DALAM KOTA - KEL  JEMB 3 - LATUMENTTEN - DAAN MOGOT - TERM KL DERES,1,1
PT. Mayasari Bakti,Patas AC,AC04,KP.RAMBUTAN -KOTA,TERM KP RAMBUTAN - TB SIMATUPANG - TOL JAGORAWI - SUTOYO - DI PANJAITAN - A.YANI -  SUPRAPTO - KRAMAT  BUNDER - SENEN RAYA - DR WAHIDIN - GN SAHARI - MANGGA DUA - PINTU  BESAR UTR - KOTA /BNI 46,1,1
PT. Mayasari Bakti,Patas AC,AC05,TERM BLOK M - BEKASI/TOL,TERM BLOK M - HASANUDDIN - PATIMURA - SUDIRMAN - SEMANGGI - TOL GT SUBROTO - TOL  CAWANG / BKS - CUT MUTIAH - TERM BEKASI -,34,1
PT. Mayasari Bakti,Patas AC,AC05A,TERM BLOK M - BEKASI,TERM BLOK M - SISINGAMANGARAJA - SEMANGGI - TOL DALAM KOTA - TOL CIKAMPEK - TOL  JATIASIH - TERM BEKASI,1,1
PT. Mayasari Bakti,Patas AC,AC06,P.GADUNG - BLOK M,TERM P GADUNG - RAYA BEKASI - PEMUDA - A. YANI - DI PANJAITAN - MT HARYONO - GT SUBROTO -  KAPT TENDEAN - W.MONGENSIDI - ISKANDARSYAH - MELAWAI - TRUNOJOYO - TERM BLOK M,3,1
PT. Mayasari Bakti,Patas AC,AC07,KP RAMBUTAN - TG PRIOK,TERM KP RAMBUTAN - TB SIMATUPANG - TOL JAGORAWI - SUTOYO - DI PANJAITAN - A.YANI - YOS  SUDARSO - ENGGANO - TERM TG PRIOK,5,1
PT. Mayasari Bakti,Patas AC,AC115,TERM P.GADUNG - CIMONE,TERM P GADUNG - PERINTIS KM - A YANI - TOL WIYOTO W - TOL DLM KOTA - S PARMAN - TOL KBN  JERUK - KBN NANAS - TERM CIMONE,11,1
PT. Mayasari Bakti,Patas AC,AC116,TERM SENEN - BSD SERPONG,TERM SENEN - BUNGUR - KRAMAT BDR - SENEN RAYA - KWINI I - KWITANG - R SAID - MERDEKA TMR -  MERDEKA UTR - S PRANOTO - TOMANG RAYA - MSK TOL KBN JERUK - TOL JKT /TGR - KEL TOL K  NANAS - SERPONG - BSD SERPONG,13,1
PT. Mayasari Bakti,Patas AC,AC121,TERM BLOK M - TERM CIKARANG,TERM BLOK M - S HASANUDDIN - PATIMURA - SUDIRMAN - SEMANGGI MASUK - PNT TOL SEMANGGI - TOL CAWANG/CKP - KEL PINTU TOL CIKARANG - TERM CIKARANG,17,1
PT. Mayasari Bakti,Patas AC,AC122,TERM SENEN - CIKARANG,TERM SENEN - BUNGUR - KRAMAT BUND - KRAMAT RAYA - SALEMBA RAYA - MATRAMAN RAYA -  BEKASI BRT - DI PANJAITAN - MSK PNT TOL - CAWANG - TOL CAWANG/CIKAMPEK - TERM CIKARANG,14,1
PT. Mayasari Bakti,Patas AC,AC123,TERM GROGOL - TERM CIKARANG,TERM GROGOL - KYAI TAPA - S PARMAN - MSK PNT TOL TOMANG - MSK PNT TOL  CAWANG/CIKAMPEK - TOL CAWANG / CIKAMPEK - KELUAR PINTU TOL CIKARANG - TERM CIKARANG,5,1
PT. Mayasari Bakti,Patas AC,AC125,TERM KALIDERES - CIKARANG,TERM KL DERES - DAAN MOGOT - S PARMAN - MASK PNT TOL TOMANG - MSK PNT TOL CIKAMPEK -  TOL CIKAMPEK - TERM CIKARANG,15,1
PT. Mayasari Bakti,Patas AC,AC129,TERM LB BULUS - TERM CIKARANG,TERM LB BULUS - RAYA LB BULUS - TB SIMATUPANG - RAYA BOGOR - SUTOYO - MSK PNT TOL  CAWANG - TOL CIKAMPEK - TERM CIKARANG,5,1
PT. Mayasari Bakti,Patas AC,AC130,KP RAMBUTAN - CIKARANG,TERM KP RAMBUTAN - TB SIMATUPANG - RAYA BOGOR - SUTOYO - MSK PNT TOL  CAWANG/CIKAMPEK - TOL CAWANG.CKP - KELUAR PNT TOL CIBITUNG - TERM CIKARANG,4,1
PT. Mayasari Bakti,Patas AC,AC131,PS.BARU - TERM CIKARANG,PS BARU - GN SAHARI - PS SENEN - KRAMAT RAYA - SALEMBA RAYA - PRAMUKA - DI PANJAITAN - TOL  CAWANG/CIKAMPEK - TERM CIKRANG,5,1
PT. Mayasari Bakti,Patas AC,AC132,TERM LB BULUS - TERM BEKASI,TERM LB BULUS - RAYA LB BULUS - TB SIMATUPANG - MSK TOL TB SIMATUPANG - TOL JAGORAWI -  MAYJ SUTOYO - TOL CAWANG/CIKAMPEK - KELUAR PNT TOL BEKASI TIMUR - IR JUANDA - TERM  BEKASI,9,1
PT. Mayasari Bakti,Patas AC,AC133,TNH ABANG - CIMONE/TGR,TNH ABANG - JATI BARU - KBN SIRIH - MH THAMRIN - SUDIRMAN - SEMANGGI - GT SUBROTO - S  PARMAN - MSK PNT TOL  KBN JERUK - KELUAR PNT TOL KARAWACI - TERM CIMONE/TGR,4,1
PT. Mayasari Bakti,Patas AC,AC134,TERM SENEN - TERM DEPOK,TERM SENEN - BUNGUR - KRAMAT BDR - SUPRAPTO - A.YANI - MSK PNT TOL PULO MAS - TOL  W.WIYONO - TOL TMII - TB SIMATUPANG - LT AGUNG - MARGONDA RAYA - TERM DEPOK,10,1
PT. Mayasari Bakti,Patas AC,AC135,TG PRIOK - CIPUTAT,TERM TG PRIOK - ENGGANO - YOS SUDARSO - TOL W.WIYONO - TOL TMII - TB SIMATUPANG - KLR  PNT TOL CILANDAK - TB SIMATUPANG - LB BULUS - CIPUTAT RAYA - TERM CIPUTAT,6,1
PT. Mayasari Bakti,Patas AC,AC137,TERM BLOK M - TERM CIBINONG,TERM BLOK M - PATIMURA - SUDIRMAN - SEMANGGI - GT.SUBROTO - MSK PINTU TOL - SEMANGGI I -  TOL DLM KOTA - TOL JAGORAWI - KLR TOL CIBINANG - TERM BLOK M,6,1
PT. Mayasari Bakti,Patas AC,AC137A,TERM BLOK M - TERM CILEUNGSI,TERM BLOK M - JL PATIMURA - JL JEND SUDIRMAN - SEMANGGI - JL GT SUBROTO - MASUK PINTU  TOL SEMANGGI 1 - TOL DALAM KOTA - TOL JAGORAWI - KELUAR TOL CIBUBUR - JL ARTERI CIBUBUR -  TERM CILEUNGSI,6,1
PT. Mayasari Bakti,Patas AC,AC24,TERM SENEN - BEKASI,TERM SENEN - KRAMAT RAYA - SALEMBA RAYA - MTRAMAN RAYA - JATINEGARA TIMUR - A.YANI - DI  PANJAITAN - TOL CIKAMPEK - TERM BEKASI,12,1
PT. Mayasari Bakti,Patas AC,AC24A,TERM. SENEN - BEKASI Via JATI ASIH,TERM. SENEN - KRAMAT RAYA - SALEMBA RAYA - MATRAMAN RAYA - JATINEGARA TIMUR - DI.  PANJAITAN - TOL WIYOTO WIYONO - TOL CIKAMPEK - TOL JORR - PINTU TOL JATI ASIH - TOL  CIKAMPEK - TERM. BEKASI - PP.,6,1
PT. Mayasari Bakti,Patas AC,AC25,TERM TG.PRIOK - BEKASI,TERM TG PRIOK - ENGGANO - YOS SUDARSO - TOL W.WIYONO - TOL CIKAMPEK - TERM BEKASI,10,1
PT. Mayasari Bakti,Patas AC,AC26,TERM GROGOL - BEKASI,TERM GROGOL - S.PARMAN - GT. SUBROTO - MT.HARYONO - TOL DALAM KOTA - TOL CIKAMPEK -  TERM BEKASI,6,1
PT. Mayasari Bakti,Patas AC,AC27,KOTA - BEKASI,KOTA (JL.LADA) - LADA - RAYA MANGGA DUA - GN SAHARI - RAN WAY PRJK - TANAH TINGGI TMR -  SUPRAPTO - A.YANI - TOL W.WIYONO - TOL CIKAMPEK - M JOYOMARTONO - IR JUANDA - TERM  BEKASI,10,1
PT. Mayasari Bakti,Patas AC,AC28,TERM BLOK M - BEKASI,TERM BLOK M - ST HASANUDDIN - W MONGONSIDI - TENDEAN - GT SUBROTO - TOL DALAM KOTA -  TOL CIKAMPEK - TERM BEKASI,2,1
PT. Mayasari Bakti,Patas AC,AC29,TERM KL DERES - BEKASI,TERM KL DERES - RAYA DAAN MOGOT - S PARMAN - TOL DALAM KOTA - TOL CIKAMPEK - TERM  BEKASI,18,1
PT. Mayasari Bakti,Patas AC,AC29A,TERM KALIDERES -  TERM BEKASI,TERM KALIDERES - DAAN MOGOT - S PARMAN - TOL DALAM KOTA - TOL CIKAMPEK - TOL JATIASIH -  TERM BEKASI,3,1
PT. Mayasari Bakti,Patas AC,AC33,TERM GROGOL - TANGGERANG,TERM GROGOL - KYAI TAPA - CIDENG TMR - K CARINGIN - TOMANG RAYA - MAK TOL K JERUK - TOL  JKT/TGR - KEL TOL ISLAMIC - PERUM - PERUM KARAWACI - TANGGERANG,14,1
PT. Mayasari Bakti,Patas AC,AC34,TERM BLOK M - TERM CIMONE/TGR,TERM BLOK M - HASANUDDIN - PATIMURA - SUDIRMAN - SEMANGGI - TOL GT SUBROTO - S PARMAN - TOL JKT/TGR - TERM CIMONE,39,1
PT. Mayasari Bakti,Patas AC,AC35,TERM SENEN - CILEDUK,TERM SENEN - KRAMAT RAYA - SALEMBA RAYA - PROKLAMASI - P DIPONEGORO - IMAM BONJOL -  JEND SUDIRMAN - HANGLEKIR - PAKUBUWONO - KBY LAMA - RAYA CILEDUK - TERM CILEDUK,7,1
PT. Mayasari Bakti,Patas AC,AC41,TERM LB BULUS - TERM PORIS PLAWAD PP,TERM LB BULUS - JL RAYA CIPUTAT - JL TB SIMATUPANG - TOL VETERAN - TOL PONDOK AREN - TOL  BINTARO - TOL BSD - JL RAYA SERPONG - TOL KARAWACI - TERM PORIS PLAWAD,11,1
PT. Mayasari Bakti,Patas AC,AC42,P GADUNG - CILEUNGSI,TERM P GADUNG - P KEMERDEKAAN - A.YANI - MSK TOL CEMPPUT - TOL DLM KOTA - TOL JAGORAWI -  KEL TOL CIBUBUR - ALT CIBUBUR - TERM CILEUNGSI,20,1
PT. Mayasari Bakti,Patas AC,AC43,TERM GROGOL - TERM CIBINONG,TERM GROGOL - KYAI MAJA - S PARMAN - MSK PNT TOL POLRES JAKBAR - TOL DLM KOTA - TOL TMII -  TOL JAGORAWI - KELUAR PNT TOL - CIBINONG - MAYOR OKING - NURDIN - TERM CIBINONG,15,1
PT. Mayasari Bakti,Patas AC,AC49,TERM TG PRIOK - BLOK M,TERM TG PRIOK - ENGGANO - YOS SUDARSO - BERPUTAR DI PODOMORO - MSK PNT TOL DALAM  KOTA - TOL PELABUHAN - TURUN PINTU TOL SLIPI - S PARMAN - GT.SUBROTO - SEMANGGI -  SUDIRMAN - S.MANGARAJA - P POLIM - TERM BLOK M,13,1
PT. Mayasari Bakti,Patas AC,AC50,KP MELAYU - KL DERES,TERM KP MELAYU - MATRAMAN RAYA - MATRAMAN DALAM - PROKLAMASI - P DIPONEGORO -  IMAM BONJOL - JEND SUDIRMAN - GT SUBROTO - S PARMAN - RAYA DAAN MOGOT - TERM KL DERES,7,1
PT. Mayasari Bakti,Patas AC,AC51,P GADUNG - KL DERES,TERM P GADUNG - P KEMERDEKAAN - YOS SUDARSO - MSK PNT TOL HONDA - TOL W.WIYONO -  JEMBATAN III - LATUMENTEN - DAAN MOGOT - TERM KL DERES,7,1
PT. Mayasari Bakti,Patas AC,AC52,TNH ABANG - BEKASI,TANAH ABANG - JATI BARU - K SIRIH - MH THAMRIN - JEND SUDIRMAN - GT.SUBROTO - TOL DALAM  KOTA - TOL CIKAMPEK - TERM BEKASI,20,1
PT. Mayasari Bakti,Patas AC,AC61,P GADUNG - CILEDUK,TERM P GADUNG - P KEMERDEKAAN - A.YANI - TOL W WIYONO - TOL DLM KOTA - KEL TOL KOMDAK -  SUDIRMAN - BUND SENAYAN - KYAI MAJA - PAKUBUWONO - KBY LAMA - RAYA CILEDUK - TERM  CILEDUK,6,1
PT. Mayasari Bakti,Patas AC,AC62,SENEN - TANGERANG,TERM SENEN - KRAMAT BUNDER - KRAMAT RAYA - SALEMBA RAYA - MATRAMAN DALAM -  PROKLAMASI - P DIPONOGORO - IMAM BONJOL - JEND SUDIRMAN SEMANGGI - GT SUBROTO - S  PARMAN - TOL TANGERANG - TANGERANG,13,1
PT. Mayasari Bakti,Patas AC,AC63,PS BARU - BEKASI,PS BARU - GN SAHARI - SENEN RAYA - KRAMAT RAYA - SALEMBA RAYA - PRAMUKA - A.YANI - TOL  W.WIYONO - TOL CIKAMPEK - TERM BEKASI,13,1
PT. Mayasari Bakti,Patas AC,AC63A,PASAR BARU - TERM BEKASI,PASAR BARU - KRAMAT RAYA - SALEMBA RAYA - PRAMUKA - TOL WIYOTO WIYONO - TOL CIKAMPEK -  TOL JATIASIH - TERM BEKASI,1,1
PT. Mayasari Bakti,Patas AC,AC69,TERM BLOK M - TERM KL DERES,TERM BLOK M - HASANUDDIN - PATIMURA - SUDIRMAN - SEMANGGI - TOL DLM KOTA - S PARMAN -  DAAN MOGOT - TERM KL DERES,6,1
PT. Mayasari Bakti,Patas AC,AC70,TN ABANG - KP RAMBUTAN - TERM CIBINONG,TN ABANG - FACHRUDIN - SUDIRMAN - THAMRIN - GATOR SUBROTO - MASUK TOL DALAM KOTA -  TOL JAGORAWI - KEL TOL CITEUREUP - MAYOR OKING - TERM CIBINONG,26,1
PT. Mayasari Bakti,Patas AC,AC71,SENEN - DEPOK,TERM SENEN - BUNGUR - KR BUNDER - KR RAYA - SALEMBA RAYA - MATRAMAN RAYA - JATINEGARA  TMR - OTOISKANDAR - DEWI SARTIKA - RAYA BOGOR - TB SIMATUPANG - LT AGNUNG - MARGONDA  RAYA - TERM DEPOK,7,1
PT. Mayasari Bakti,Patas AC,AC73,KP RAMBUTAN - CILEDUK,TERM KP RAMBUTAN - TB SIMATUPANG - CIPUTAT RAYA - KBY LAMA - CILEDUK RAYA - TERM  CILEDUK,15,1
PT. Mayasari Bakti,Patas AC,AC74,RAMBUTAN - TNG/CIMONE,TERM KP RAMBUTAN - TB SIMATUPANG - RAYA BOGOR - RAYA PD GEDE - TOL JAGORAWI - SUTOYO -  MT HARYONO - TOL DALAM KOTA - S PARMAN - TOL TANGGERANG - TANGGERANG - TERM CIMONE,19,1
PT. Mayasari Bakti,Patas AC,AC74A,KP RAMBUTAN - PORIS PLAWAD,TERM KP RAMBUTAN - TOL TB SIMATUPANG - PONDOK AREN - JL RAYA SERPONG - BSD - KARAWACI -  PORIS PLAWAD,4,1
PT. Mayasari Bakti,Patas AC,AC81,TERM KL DERES - DEPOK,TERM KL DERES - RAYA DAAN MOGOT - S PARMAN - GT SUBROTO - RAYA PS MINGGU - LENTENG  AGUNG - MARGONDA RAYA - TERM DEPOK,18,1
PT. Mayasari Bakti,Patas AC,AC82,TERM TG PRIOK - TERM DEPOK,TERM TG PRIOK - ENGGANO - YOS SUDARSO - TOL W WIYONO - TOL TMII - TB SIMATUPANG - LT  AGUNG - MARGONDA - TERM DEPOK,12,1
PT. Mayasari Bakti,Patas AC,AC84,TERM P GADUNG - TERM DEPOK,TER P GADUNG - P KEMERDEKAAN - A.YANI - MSK PNT TOL W. WIYONO - TOL TMII - TB SIMATUPANG - LT AGUNG - MARGONDA RAYA - TERM DEPOK,8,1
PT. Mayasari Bakti,Patas,P14,TG.PRIOK - TNH ABANG,TERM TG.PRIOK - ENGGANO - YOS.SUDARSO - SUPRAPTO - SENEN RAYA - PEJAMBON - MERDEKA  TMR - MERDEKA SEL - SABANG - KEBON SIRIH - FACHRUDIN - TANAH ABANG,13,1
PT. Mayasari Bakti,Patas,P17,TERM KP RAMBUTAN - KOTA,TERM KP RAMBUTAN - TB SIMATUPANG - TOL JAGORAWI - SUTOYO - DI PANJAITAN - A YANI -  SUPRAPTO - GALUR - KEMAYORAN - GN SAHARI - P JAYAKARTA - PINTU BSR UTARA - JL BANK - PINTU  BSR TIMUR - KOTA (JL LADA),5,1
PT. Mayasari Bakti,Patas,P17A,KP.RAMBUTAN - KOTA,TERM KP.RAMBUTAN - TB.SIMATUPANG - RAYA BOGOR - KRAMAT JATI - SUTOYO - DI PANJAITAN -  A.YANI - SUPRAPTO - SENEN RAYA - DR.WAHIDIN - GN SAHARI - MANGGA DUA RAYA - JEMBATAN  BATU - KALI BESAR TIMUR - KOTA (JL. LADA),13,1
PT. Mayasari Bakti,Patas,P27,TERM BLOK M - BEKASI/TOL,TERM BEKASI - ADITIA.W - W.MONGINSIDI - GUNAWARMAN - SENAPATI - SUDIRMAN - GT.SUBROTO -  TOL CAWANG/BKS - CUT MUTIAH - TERM BEKASI,5,1
PT. Mayasari Bakti,Patas,P40,TG.PRIOK - BEKASI/TOL,TERM TG.PRIOK - ENGGANO - YOS SUDARSO - LAYANG TOLL - WIYOTO WIYONO - TOL CAWANG -  TERM BEKASI,4,1
PT. Mayasari Bakti,Patas,P49,KALIDERES - BEKASI/TOL,TERM KALI DERES - DAAN MOGOT - S. PARMAN - TOL CAWANG - TOL CAWANG/CKP - TERM BEKASI,4,1
PT. Mayasari Bakti,Patas,P50,TANAH ABANG - BEKASI/TOL,TANAH ABANG - KEBON SIRIH - MH THAMRIN - JEND SUDIRMAN - TOL CAWANG/GRG - TOL  CAWANG/CKP - TERM BEKASI,5,1
PT. Mayasari Bakti,Patas,P58,TANAH ABANG - BEKASI/TOL,TERM KOTA - JL GN SAHARI - PRJK - JL TANAH TINGGI - JL JEND SUPRAPTO - JL JEND A YANI - TOL  WIYOTO WIYONO - TOL CIKAMPEK - TERM BEKASI,4,1
PT. Mayasari Bakti,Patas,P9,TERM KP RAMBUTAN - TERM BEKASI,TERM KP RAMBUTAN - TB SIMATUPANG - TOLL JORR - TOL CIKAMPEK - BEKASI - TOL CIBITUNG -  CIKARANG - TERM BEKASI,10,1
PT. Mayasari Bakti,Patas,P98,KP.RAMBUTAN - P.GADUNG,TERM KP.RAMBUTAN - TB SIMATUPANG - RAYA BOGOR - RAYA PD GEDE - TOLL TMMI - TOL LAYANG -  TUTUN PINTU - TOL RW MANGUN - PEMUDA - RAYA BEKASI - TERM P.GADUNG,11,1
PT. Mayasari Bakti,Patas,P9A,SENEN - BEKASI/TOL,TERM SENEN - KRAMAT RAYA - SALEMBA - MATRAMAN RAYA - JATINEGARA TMR - A.YANI - TOL  CAWANG - TOL BEKASI - TERM BEKASI,27,1
PT. Mayasari Bakti,Patas,P9B,KP.RAMBUTAN - BEKASI/CKR,TERM KP.RAMBUTAN - TB SIMATUPANG - RAYA BOGOR - KRAMAT JATI - SUTOYO - TOL CAWANG -  BEKASI - TOL CIBITUNG - CIKARANG - TERM BEKASI,16,1
PT. Bianglala Metropolitan,Patas AC,AC143,TERM GROGOL - DEPOK,TERM GROGOL - KYAI TAPA - S PARMAN - MSK TOL TOMANG - TOL DALAM KOTA - KEL P SENAYAN -  GT SUBROTO - SEMANGGI - SUDIRMAN - S MANGARAJA - P POLIM - FATMAWATI - TB SIMATUPANG -  LT AGUNG - MARGONDA RAYA - TERM DEPOK,7,1
PT. Bianglala Metropolitan,Patas AC,AC44,TERM SENEN - CILEDUG,TERM SENEN - ST SENEN - MEDAN SENEN - SENEN RAYA - LAP BANTENG TMR - LAP BANTENG UTARA - LAP BANTENG BRT - PEJAMBON - MERDEKA TIMUR - MERDEKA UTR - MERDEKA BRT - MH THAMRIN -  JEND SUDIRMAN - HANGLEKIR - PAKUBUWONO VI -JL BUMI - KEB LAMA - RAYA CILEDUG - TERM  CILEDUG,30,1
PT. Bianglala Metropolitan,Patas AC,AC76,TERM SENIN - PAMULANG,TERM SENIN - ST SENEN - KRAMAT BUNDER - SALEMBA RAYA - PROKLAMASI - P DIPONOGORO -  IMAM BONJOL - JEND SUDIRMAN - S MANGARAJA - PANGLIMA POLIM - RS FATMAWATI - TB  SIMATUPANG - LB BULUS - PS JUMAT - CIPUTAT RAYA - DEWI SARTIKA - PAMULANG RAYA -  PAMULANG,4,1
PT. Sinar Jaya Megah Langgeng,Patas AC,AC140,BEKASI - KEMAYORAN,TERM BEKASI - IR JUANDA - JOYOMARTONO - BEKASI TMR - TOL CIKAMPEK - TOL DLM KOTA - KEL GT  ANCOL - R MARTADINATA - GN SAHARI - MANGGA DUA RAYA - P JAYAKARTA - ANGKASA -  KEMAYORAN,10,1
PT. Sinar Jaya Megah Langgeng,Patas AC,AC141,TERM BEKASI - TNH ABANG,TERM BEKASI - JL IR JUANDA - JL JOYOMARTONO - MSK TOL BKS TMR  - TOL CAWANG/CKP - KEL TOL  HALIM - JL SUTOYO - PUTAR DPN KODAM - JL SUTOYO - JL DI PANJAITAN - CASSABLANCA - JL DR  SATRIO - JL KHM MANSYUR - TANAH ABANG,5,1
PT. Sinar Jaya Megah Langgeng,Patas AC,AC144,CILEUNGSI - LB BULUS,CILEUNGSI - RAYA ALT CIBUBUR - MS TOL CIBUBUR - TOL JAGORAWI - KL TOL KP RAMBUTAN - TOL L  LUAR S - KL TOL PD PINANG 2 - RA KARTINI - PS JUMAT - TERM LB BULUS,5,1
PT. Sinar Jaya Megah Langgeng,Patas AC,AC145,BEKASI - RAWAMANGUN,TERM BEKASI - IR JUANDA - J MARTONO - MSK TOL BKS TMR - TOL CAWANG/CKP - TO L L - KEL TOL  CAK SEL - BEKASI RAYA - P KEMERDEKAAN - KAYU PUTIH - BALAP SEPEDA - VELODROME - PAUS -  TERM RW MANGUN,5,1
PT. Sinar Jaya Megah Langgeng,Patas AC,AC146,BEKASI - RAWA MANGUN,TERM BEKASI - CUT MUTIAH - A YANI - MSK TOL BEKASI BRT - TOL CAWANG/CKP - TOL W WITONO -  KEL TOL RW MANGUN - A YANI - P KEMERDEKAAN - KAYU PUTIH - PAUS - TERM RW MANGUN,5,1
PT. Sinar Jaya Megah Langgeng,Patas AC,AC147,BEKASI - KP MELAYU,TERM BEKASI - CUT MUTIAH - A YANI - MSK TOL BEKASI BRT - TOL CAWANG/CKP - KEL TOL HAKIM -  MT HARYONO - OTISTA RAYA - JINGR BRT - TERM KP MELAYU,5,1
PT. Sinar Jaya Megah Langgeng,Patas AC,AC148,CILEUNGSI - TNH ABANG,TER CILEUNGSI - JL ALT SIBUBUR - MSK TOL CIBUBUR - TOL JAGORAWI - KEL TOL CAWANG - JL  SUTOYO - JL DI PANJAITAN - CASSABLANCA - JL DR SATRIO - JL KHM MANSYUR - TNH ABANG,5,1
PT. Sinar Jaya Megah Langgeng,Patas AC,AC149,TERM PS MINGGU - TERM BEKASI,TERM PS MINGGU - JL PS MINGGU - JL MT HARYONO - MASUK GT PD GEDE-TOL CAWANG/CIKAMPEK - KELUAR GT BEKASI TIMUR - JL MH JOYOMARTONO - JL IR H JUANDA - TERM BEKAS,10,1
PT. Sinar Jaya Megah Langgeng,Patas AC,AC150,BLOK M - CIBINONG,TERM BLOK M-JL HASANUDIN-JL SISINGAMANGARAJA-JL P. POLIM-JL FATMAWATI-JL TB.  SIMATUPANG-MASUK GT FATMAWATI TIMUR-TOL TB. SIMATUPANG-TOL JAGORAWI-KELUAR GT  CITEREUP/CIBINONG-JL MAYOR OKING-TERM CIBINONG,10,1
PT. Sinar Jaya Megah Langgeng,Patas AC,AC151,BLOK M - BSD/TGR,TERM BLOK M-JL HASANUDIN-JL SISINGAMANGARAJA-JL P. POLIM-JL FATMAWATI-JL TB.  SIMATUPANG-MASUK GT FATMAWATI BARAT-TOL TB. SIMATUPANG-KELUAR GT PD AREN BARAT-  TOL SERPONG/JKT-JL LETJEN SUTOPO-TERM BSD/TGR,10,1
PT. Sinar Jaya Megah Langgeng,Patas AC,AC153,TERM TJ PRIOK - TERM BEKASI (VIA TOL TIMUR),TERM TJ PRIOK - JL ENGGANO - JL SULAWESI - JL JAMPEA - JL RAYA CAKUNG CILINCING - GT CAKUNG - TOL CIKAMPEK - GT BEKASI TIMUR - JL JOYO MARTONO - JL IR H JUANDA - TERM BEKASI,9,1
PT. Sinar Jaya Megah Langgeng,Patas AC,AC154,BUMI SERPONG DAMAI (BSD) - TERM TJ PRIOK,BUMI SERPONG DAMAI (BSD) - MASUK TOL SERPONG - TOL JAGORAWI - TOL DALAM KOTA (WIYOTO  WIYONO) - KELUAR TOL PRIOK - YOS SUDARSO - ENGGANO - TERMINAL TJ PRIOK,5,1
PT. Sinar Jaya Megah Langgeng,Patas AC,AC155,BUMI SERPONG DAMAI (BSD) - TERM KALIDERES,BUMI SERPONG DAMAI (BSD) - JL RAYA SERPONG - MASUK TOL MERAK JAKARTA - KELUAR TOMANG -  S PARMAN - DAAN MOGOT - TERMINAL KALIDERES,5,1
PT. Daya Sentosa Utama,Patas,P157,TERM SENEN - TERM PORIS/TGR,TERM SENEN - JL SENEN RAYA - JL KWINI II - JL PEJAMBON - JL MERDEKA TMR - JL MERDEKA UTR - JL  MAJAPAHIT - JL S PRANOTO - JL CIDENG BRT - BERPUTAR - JL CIDENG TMR - JL KYAI TAPA - JL S  PARMAN - MASUK GT KB JERUK - TOL JKT / TGR - KELUAR GT KARAWACI - JL IMAM BONJOL/TGR - JL  SUDIRMAN/TGR - JL B BETAWI - TERM PORIS/TGR,23,1
PT. Jasa Utama,Reguler,973,RW MANGUN - GROGOL,TERM RW MANGUN - PERSAHABATAN - BALAI PUSTAKA - PEMUDA - PRAMUKA - PROKLAMASI -  DIPONEGORO - IMAM BONJOL - MH THAMRIN - KB SIRIH - JATI BARU - KHM MANSYUR (UNDDER  PASS) - PENJERNIHAN - S PARMAN - KYAI TAPA - TERM GROGOL,9,1
PT. Jasa Utama,Patas,P125,TG PRIOK - TOSARI,TG PRIOK - MARTADINATA - G SAHARI - SUTOMO - PEJAMBON - MERDEKA TMR - MERDEKA UTARA -  MERDEKA BRT - MH THAMRIN - JEND SUDIRMAN - BERPUTAR DI TOSARI,10,1
PT. Jasa Utama,Patas,P154,TERM GROGOL - LT AGUNG,TERM GROGOL - JL KYAI TAPA - JL S PARMAN - MSK TOL TOMANG - TOL DALAM KOTA - TOL  JAGORAWI - TOL TB SIMATUPANG - KEL TOL LT AGUNG - LT AGUNG,12,1
PT. Jasa Utama,Patas,P155,TERM PS MINGGU - PRJK,TERM PS MINGGU - RY PS MINGGU - MT HARYONO - DI PANJAITAN - MSK TOL PENAS - TOL WIYOTO  WIYONO - KEL TOL PLUMPANG - Y SUDARSO - ENGGANO - RE MARTADINATA - BENYAMIN SUEB -  PRJK,11,1
PT. Jasa Utama,Patas,P159,TG PRIOK - GROGOL PP,TERM TG PRIOK - JL RE MARTADINATA - JL GN SAHARI - JL MANGGA BESAR RY - JL HAYAM WURUK  -  JL GAJAH  MADA - JL IR H JUANDA (BERPUTAR) - JL VETERAN - JL VETERAN III - JL MERDEKA UTARA -  JL MAJAPAHIT -  JL HASYIM AZHARI - JL KYAI TAPA - TERM GROGOL,12,1
PT. Koda Jaya AJAP,Patas AC,AC119,KP MELAYU - TANGGERANG,TERM KP MELAYU - JL OTISTA - JL MT HARYONO - MSK PINTUT TOL DLM KOTA CIKOKOL - KEL  CIKOKOL / TGR - TANGGERANG,28,1
PT. Koda Jaya AJAP,Patas AC,AC138,P PLAWAD/TNG - BLOK M,TERM P PLAWAD/TNG - JL IMAM BONJOL/TNG - P TOL KARAWACI - TOL TNG/JKT - TOL KB JERUK -  TOL DALAM KOTA - KEL TOL FARMASI -  GT SUBROTO - G PEMUDA - JL ASIA AFRIKA - JL HANG TUAH -  JL KYAI MAJA - JL P POLIM - TERM BLOK M,20,1
PT. Koda Jaya AJAP,Patas AC,AC139,P PLAWAD/TNG - PRJ KMY,"TERM P PLAWAD/TNG - JL SUDIRMAN/TNG MH THAMRIN/TNG - M.T.KB NANAS - TOL TNG/JKT - K  TOL KB JERUK - TOMANG RAYA - S PRANOTO - JUANDA - JL DR SUTOMO - JL G SAHARI - JL ANGKASA -  JL B SUIB - PRJ KEMAYORAN KEMBALI : PRJK - B SUIB - ANGKASA - G SAHARI - DR SUTOMO - POS - L,  BANT UTR - PEJAMBON - MERDEKA TMR - MERDEKA UTR - TOMANG RY - DST",20,1
PT. Koda Jaya AJAP,Patas,P103,GROGOL - CIBODAS (TNG),TERM GROGOL - JL S PARMAN - TOMANG - KB JERUK - TOL TANGERANG - CIKOKOL - KARAWACI -  CIMONE / CIBODAS,17,1
PT. Koda Jaya AJAP,Patas,P104,GROGOL - PERUM TNG PP,TERM GROGOL - JL S PARMAN - TOMANG - TOL KB JERUK - TOL KARAWACI - PERUMNAS I -  PERUMNAS II - PERUMNAS III - TANGERANG,22,1
PT. Koda Jaya AJAP,Patas,P106,PS SENEN - CIMONE / TGR,TERM PS SENEN - JL SENEN RAYA - JL KWINI - JL KWITANG RAYA - JL MERDEKA SLT - JL MERDEKA BRT -  JL ABD MUIS - JL TNH ABANG I - JL SURYOPRANOTO - TOMANG - TOL KB JERUK - TOL KARAWACI -  TERM CIMONE - KEMBALI : TOL KARAWACI - TOL KB JERUK - SURYO P - G MADA - H WURUK -  JUANDA - MERD UTR - ABD MUIS - MUSIUM - MERD SLT - JL PRPATAN - SENEN R - WAHIDIN,24,1
PT. Steady Safe,Reguler,921,TERM KP MELAYU - TERM BLOK M,TERM KP MELAYU - DEWI SARTIKA - MT HARYONO - GT SUBROTO - SUDIRMAN - S. MANGARAJA -  TERM BLOK M,1,1
PT. Steady Safe,Reguler,940,GROGOL - TG PRIOK,TERM GROGOL - KYAI TAPA - HASYIM ASHARI - GAJAH MADA - PINTU BESAR SEL - KALI BESAR TMR -  BANK - JEMB BATU - P JAYAKARTA - G SAHARI - RE MARTADINATA - TERM TG PRIOK,1,1
PT. Steady Safe,Reguler,948,KP MELAYU - TG PRIOK,TERM KP MELAYU - JATI NEGARA BARAT - MATRAMAN RAYA - PRAMUKA - A YANI - YOS SUDARSO -  ENGGANO - TERM TG PRIOK,4,1
PT. Steady Safe,Patas AC,AC47,TERM KP RAMBUTAN - SENEN,TERM KP RAMBUTAN - JL RAYA BOGOR - JL SUTOYO - JL MT HARYONO - JL RASUNA  SAID - JL IMAM BONJOL - JL MH THAMRIN - JL MERDEKA BARAT - JL MAJAPAHIT - JL IR H JUANDA - JL  POS - JL GN SAHARI - TERM SENEN - TERM SENEN - PEJAMBON - JL MERDEKA BRT - JL MH  THAMRIN - JL IMAM BONJOL - JL RASUNA SAID - JL MT HARYONO - JL SUTOYO - JL RAYA BOGOR -  TERM KP RAMBUTAN,1,1
PT. Steady Safe,Patas AC,AC48,TERM GROGOL - DEPOK,TERM GROGOL - S PARMAN - SLIPI - GT SUBROTO - M PRAPATAN - BUNCIT RAYA - TB SIMATUPANG -  LENTENG AGUNG - KAMPUS UI DEPOK - TERM DEPOK,2,1
PT. Steady Safe,Patas,P73,KLENDER - TG PRIOK,TERM KL DERES - DAAN MOGOT - LATUMENTEN - MSK TOL JEMB 3 - TOL DALAM KOTA - KEL TOL  ANCOL - GN SAHARI - INDUSTRI - BENYAMIN S - RE MARTADINATA - TERM TG PRIOK,3,1
Kop. ARH,Patas,P100,SENEN - P PLAWAD/TGR,TERM SENEN - BUNGUR RAYA - SENEN RAYA - PEJAMBON - MERDEKA TMR - MERDEKA UTR - S  PRANOTO - TOMANG RAYA - MSK TOL KB JERUK - TOL JKT/TGR - KLR TOL K B NANAS - P PLAWAD/TGR,13,1
PT. Metromini,Patas AC,C100B,TERM SENEN - CIBINONG,TERM SENEN - JL SENEN RAYA - JL KWINI - JL KWITANG - JL RIDWAN RAIS - JL MERDEKA SELT - JL  MERDEKA BRT - JL MH THAMRIN - JL JEN SUDIRMAN - TOL SEMANGGI I - TOL JAGORAWI - CITEUREUP - CIBINONG - TOL JAGORAWI - TOL W WIYONO - TOL CEMP PUTIH - JL SUPRAPTO - TERM SENEN,10,1
